{"cameraMode":{"drawMode":0,"name":"Shaded","section":"Shading Mode"},"sceneLighting":false,"audioPlay":false,"sceneViewState":{"showFog":true,"showMaterialUpdate":true,"showSkybox":false,"showFlares":true,"showImageEffects":true,"showParticleSystems":true},"in2DMode":false,"pivot":{"x":3017.1845703125,"y":7836.50634765625,"z":5272.11669921875},"rotation":{"x":0.461836040019989,"y":0.5364531874656677,"z":-0.5278475880622864,"w":0.4693717956542969},"size":7692.30322265625,"orthographic":false}