{"cameraMode":{"drawMode":0,"name":"Shaded","section":"Shading Mode"},"sceneLighting":false,"audioPlay":false,"sceneViewState":{"showFog":true,"showMaterialUpdate":true,"showSkybox":false,"showFlares":true,"showImageEffects":true,"showParticleSystems":true},"in2DMode":false,"pivot":{"x":296.32275390625,"y":62.98583984375,"z":607.853271484375},"rotation":{"x":0.035211727023124698,"y":0.914178729057312,"z":-0.39549487829208376,"w":0.08139407634735108},"size":653.2653198242188,"orthographic":false}